2026-05-28T20:58:23.174809+01:00,DoorSensor,0500?00=010000010000,Contact=1,Endpoint=1,LinkQuality=97,ZoneStatusChange=1,ZoneStatusChangeZone=1
2026-05-28T20:58:23.620942+01:00,DoorSensor,Contact=1,Endpoint=1,LinkQuality=97,ZoneStatus=1
2026-05-28T20:59:16.767725+01:00,DoorSensor,0500?00=000000010000,Contact=0,Endpoint=1,LinkQuality=97,ZoneStatusChange=0,ZoneStatusChangeZone=1
2026-05-28T20:59:17.170928+01:00,DoorSensor,Contact=0,Endpoint=1,LinkQuality=97,ZoneStatus=0
2026-05-28T21:02:57.519617+01:00,DoorSensor,0500?00=010000010000,Contact=1,Endpoint=1,LinkQuality=97,ZoneStatusChange=1,ZoneStatusChangeZone=1
2026-05-28T21:02:57.924327+01:00,DoorSensor,Contact=1,Endpoint=1,LinkQuality=94,ZoneStatus=1
2026-05-28T21:03:03.778401+01:00,DoorSensor,0500?00=000000010000,Contact=0,Endpoint=1,LinkQuality=100,ZoneStatusChange=0,ZoneStatusChangeZone=1
2026-05-28T21:03:04.223793+01:00,DoorSensor,Contact=0,Endpoint=1,LinkQuality=100,ZoneStatus=0
2026-05-28T21:03:04.528031+01:00,DoorSensor,0500?00=010000010000,Contact=1,Endpoint=1,LinkQuality=102,ZoneStatusChange=1,ZoneStatusChangeZone=1
2026-05-28T21:03:05.078116+01:00,DoorSensor,Contact=1,Endpoint=1,LinkQuality=100,ZoneStatus=1
2026-05-28T21:03:05.085031+01:00,DoorSensor,0500?00=000000010000,Contact=0,Endpoint=1,LinkQuality=102,ZoneStatusChange=0,ZoneStatusChangeZone=1
2026-05-28T21:03:06.173807+01:00,DoorSensor,Contact=0,Endpoint=1,LinkQuality=100,ZoneStatus=0
